material_id,n_free
mp-1077349,2
mp-1186679,0
mp-1220865,2
mp-1111916,1
mp-12924,13
mp-1228269,16
mp-1207582,7
mp-1104792,2
mp-1207100,0
mp-31160,3
mp-23871,22
mp-1540169,6
mp-862954,0
mp-866209,0
mp-1207040,1
mp-2497,0
mp-1206215,11
mp-295,0
mp-19713,1
mp-755471,7
mp-1208602,6
mp-1220403,3
mp-1183483,0
mp-1222617,1
mp-2225,2
mp-20913,2
mp-1114380,1
mp-1025175,6
mp-1222413,4
mp-21272,0
mp-862777,0
mp-1205629,1
mp-1189924,7
mp-1189793,1
mp-1228433,11
mp-7559,1
mp-568596,0
mvc-15792,18
mp-1207986,3
mp-1223473,1
mp-15238,8
mp-30884,8
mp-1211229,2
mp-30251,1
mp-27661,4
mp-1079069,2
mp-27637,1
mp-636619,1
mp-3250,2
mp-973756,6
mp-19241,4
mp-1225041,0
mp-1102373,6
mp-7388,2
mp-1224282,3
mp-28339,12
mp-23039,2
mp-22106,7
mp-1187031,0
mp-1228646,1
mp-1224904,26
mp-1221971,16
mp-7048,10
mp-1189476,12
mp-4096,1
mp-1522319,24
mp-1185322,0
mp-1225346,40
mp-20152,4
mp-5938,2
mp-1189327,7
mp-26220,5
mp-1235708,27
mp-801,0
mp-31115,17
mp-1186966,0
mp-1227390,1
mp-1186693,0
mp-979751,0
mp-1056985,0
mp-1080816,4
mp-1216775,15
mp-1207214,4
mp-696752,4
mp-984714,6
mp-1228089,16
mp-1205716,2
mp-1184284,0
mp-1189044,12
mp-1183459,0
mp-36031,4
mp-1221485,6
mp-982010,0
mp-644225,3
mp-1080518,2
mp-697833,30
mp-9791,5
mp-581786,4
mp-1188539,7
mp-513,4
mp-755362,15
mp-1227775,34
mp-1113332,1
mp-1025053,2
mp-556004,4
mp-978795,0
mp-972971,0
mp-1225323,1
mp-1216397,8
mp-777422,8
mp-23079,24
mp-1185380,2
mp-760476,12
mp-568354,0
mp-562490,7
mp-1187857,0
mp-27552,4
mp-975537,0
mp-759867,6
mp-1183638,0
mp-1025044,2
mp-1210673,12
mp-157,2
mp-1225091,4
mp-1221974,6
mp-1186235,0
mp-1185962,12
mp-777522,10
mp-752938,1
mp-1222864,34
mp-28491,4
mp-23807,8
mp-973053,0
mp-779166,3
mp-22905,0
mp-989609,5
mp-11892,12
mp-2435,0
mp-561954,7
mp-1101341,2
mp-755517,25
mp-865270,0
mp-570756,16
mp-1542959,4
mp-1118832,15
mp-759488,4
mp-1186135,0
mp-1217761,6
mp-12360,1
mp-754094,7
mp-1219475,5
mp-39542,7
mp-1205999,2
mp-1209962,2
mp-755777,15
mp-1113564,1
mp-753628,14
mp-1215843,1
mp-1219965,4
mp-1226669,1
mp-2336,1
mp-1219728,5
mp-1226898,1
mp-570377,1
mp-1086668,4
mp-1223843,5
mp-1518616,1
mp-1147739,3
mp-555332,5
mp-1208510,4
mp-36223,4
mp-638253,10
mp-20883,1
mp-1189839,2
mp-1187098,0
mp-550807,1
mp-505302,2
mp-1185147,0
mp-30914,5
mp-28765,9
mp-1078182,2
mvc-15933,10
mp-13063,2
mp-1217978,6
mp-1079228,1
mp-1206538,2
mp-1284156,16
mp-1040455,16
mp-1105641,1
mvc-3998,7
mp-1104173,4
mp-752457,24
mp-1100346,4
mp-11654,8
mp-1105241,2
mp-1186780,1
mp-15659,4
mp-1178393,6
mvc-5997,3
mp-1226017,1
mp-753793,14
mp-1113353,1
mp-1205948,2
mp-1187973,0
mp-1227257,1
mp-765691,17
mp-1094922,0
mp-1228749,2
mp-1217394,4
mp-677489,6
mp-1105681,7
mp-985471,0
mp-1094140,1
mp-680754,2
mp-1120796,10
mp-1208293,4
mp-1103874,12
mp-1217525,13
mp-28779,8
mp-1225178,4
mp-756302,7
mp-777497,10
mp-1222713,1
mp-23022,9
mp-566257,4
mp-1079861,4
mp-1018084,4
mp-1227350,6
mp-1228494,7
mp-1519753,1
mp-1211236,2
mp-1112924,1
mp-752669,8
mp-1176629,12
mp-1184785,0
mp-1519208,1
mp-1105734,6
mp-1215536,2
mp-1174003,10
mp-1225840,2
mp-1114495,1
mp-757176,8
mp-1416,1
mp-1079836,16
mp-1188785,7
mp-775122,3
mp-756939,26
mp-1103601,23
mp-1213756,10
mp-1183748,0
mp-625700,30
mp-1063224,1
mp-1222282,0
mp-1216601,27
mp-11546,0
mp-754960,3
mp-760546,33
mp-1113623,1
mp-1094674,6
mp-752918,57
mp-1103952,15
mp-1283489,54
mp-1217577,12
mp-550469,8
mp-1216647,24
mp-1174849,60
mp-1207382,6
mp-972633,0
mp-976272,0
mp-504862,2
mp-1247459,18
mp-1219521,9
mp-758590,51
mp-1215301,22
mp-1094619,6
mp-1224967,0
mp-1078081,2
mp-1147587,1
mp-505781,0
mp-1018053,0
mp-1246974,5
mp-1173895,24
mp-1215601,2
mp-1521619,1
mp-5090,6
mp-1219502,4
mp-1216638,1
mp-1039434,2
mp-1030723,12
mp-1111258,1
mp-1304693,7
mp-755685,15
mp-1106195,12
mp-755570,2
mp-1228956,4
mp-556777,1
mp-1185798,3
mp-1517190,1
mp-1226557,5
mvc-13928,8
