material_id,formula,e_above_hull,bin,sg,n_atoms,n_orbits,sg_train_count,proto_train_count,n_free,split
mp-1079329,HoZnPd,0.0,0-0.005,189,9,4,468,304,2,train
mp-9172,Li4TiO4,0.0,0-0.005,63,18,5,879,4,8,train
mp-1205871,Dy6FeBi2,0.0,0-0.005,189,9,4,468,56,2,train
mp-1112938,Cs2ScAgI6,0.0,0-0.005,225,10,4,3959,922,1,train
mp-1186715,Pr2SiC(NO2)2,0.0,0-0.005,2,20,10,675,1,30,train
mp-1188098,CeZn3,0.0,0-0.005,62,16,4,1186,79,8,train
mp-6586,K2NaAlF6,0.0,0-0.005,225,10,4,3959,922,1,train
mp-9789,CaPS3,0.0,0-0.005,14,20,5,574,60,15,train
mp-1185392,LiGd2Al,0.0,0-0.005,225,4,3,3959,2405,0,train
mp-1227977,Ba6Br2N3Cl,0.0017182274999996,0-0.005,164,12,7,550,4,5,train
mp-1105702,Zr4NbGa3,0.0,0-0.005,140,16,4,256,10,3,train
mp-2693,SnSe,0.0026318937500002,0-0.005,225,2,2,3959,144,0,train
mp-14244,Y3Si3Pd2,0.0,0-0.005,63,16,5,879,30,8,train
mp-7331,Cs2MgFe(CN)6,0.0,0-0.005,225,16,5,3959,7,2,train
mp-1018936,PrSbTe,0.0,0-0.005,129,6,3,471,176,2,train
mp-2249,HoZn,0.0,0-0.005,221,2,2,819,167,0,train
mp-865316,Gd2MgTl,0.0,0-0.005,225,4,3,3959,2405,0,train
mp-1206436,SmAgGe,0.0,0-0.005,189,9,4,468,304,2,train
mp-1113877,Rb2YAgF6,0.0,0-0.005,225,10,4,3959,922,1,train
mp-643385,SrHIO,0.0,0-0.005,62,16,4,1186,13,8,train
mp-2348,Zr2Au,0.0,0-0.005,139,3,2,1232,81,1,train
mp-1189719,Er3Tl2Cu5S8,0.0,0-0.005,8,18,18,360,1,36,train
mp-13275,NaSrP,0.0,0-0.005,189,9,4,468,304,2,train
mp-1102568,EuZnAu,0.0,0-0.005,62,12,3,1186,412,6,train
mp-10223,Na2PdS2,0.0,0-0.005,36,10,5,173,10,10,train
mp-35739,ZrUN2,2.324875000070392e-05,0-0.005,141,8,3,180,49,1,train
mp-19399,Cr2O3,0.0,0-0.005,167,10,2,76,24,2,train
mp-5348,MgCO3,0.0,0-0.005,167,10,3,76,28,1,train
mp-10000,Hf2S,0.0,0-0.005,194,6,2,1128,126,1,train
mp-1069160,U2RuC2,0.0,0-0.005,139,5,3,1232,442,2,train
mp-2489,UC,0.0,0-0.005,225,2,2,3959,144,0,train
mp-11322,ZrSi,0.0008261112500003,0-0.005,63,4,2,879,82,2,train
mp-574653,Cs2LiIr(CN)6,0.0,0-0.005,225,16,5,3959,7,2,train
mp-973634,Ho(AlC)3,0.0,0-0.005,194,14,5,1128,9,2,train
mp-774702,Li3BiO4,0.0,0-0.005,13,16,6,56,5,10,train
mp-22391,Sr3V2O7,0.0,0-0.005,139,12,6,1232,13,4,train
mp-1215514,YbMnCuP2,0.0,0-0.005,156,5,5,301,20,5,train
mp-13120,CeSi3Ru,0.0,0-0.005,107,5,4,157,74,4,train
mp-1104817,Rb3Na(WO4)2,0.0025543535714289,0-0.005,164,14,6,550,29,5,train
mp-22306,Eu2CuO4,0.0,0-0.005,139,7,4,1232,75,1,train
mp-1102700,TmGeIr,0.0,0-0.005,62,12,3,1186,412,6,train
mp-1224689,GdErCo4,0.0,0-0.005,216,6,3,537,135,1,train
mp-1220336,Nd2Fe4Co13,0.0048479156390977,0-0.005,160,19,8,310,3,13,train
mp-625733,La(HO)3,0.0001738364285603,0-0.005,173,14,3,9,1,7,train
mp-1114583,Rb2LiYCl6,0.0049488703999998,0-0.005,225,10,4,3959,922,1,train
mp-22907,DyBi,0.0,0-0.005,225,2,2,3959,144,0,train
mp-1218032,TaCu3(SeS)2,0.0,0-0.005,35,8,5,16,3,7,train
mp-1079148,LuSnRh,0.0,0-0.005,189,9,4,468,304,2,train
mp-23751,CsMgH3,0.0041036469999999,0-0.005,166,15,6,1075,3,4,train
mp-989516,Cs2ICl6F,0.0,0-0.005,225,10,4,3959,922,1,train
mp-555410,ZnS,0.0042976416071427,0-0.005,160,8,8,310,23,8,train
mp-1189848,Tb5Bi3,0.0,0-0.005,193,16,3,237,92,2,train
mp-4973,CeSF,0.0,0-0.005,129,6,3,471,176,2,train
mp-11387,HfGa3,0.0,0-0.005,139,4,3,1232,235,0,train
mp-1222862,LaPrNi10,0.0,0-0.005,47,12,7,82,7,4,train
mp-27420,NaBiF6,0.0,0-0.005,148,8,3,350,66,3,train
mp-11193,VAuS2,0.0,0-0.005,194,8,3,1128,109,1,train
mp-1208883,SmAsSe,0.0,0-0.005,62,12,3,1186,412,6,train
mp-10852,La(BC)2,0.0,0-0.005,127,10,3,245,155,2,train
mp-1207113,Rb(PRh)2,0.0,0-0.005,139,5,3,1232,442,1,train
mp-2330,Nb2Se3,0.0166455547500001,0.005-0.02,11,10,5,276,4,10,train
mp-865160,MgGeIr2,0.0129355858928565,0.005-0.02,225,4,3,3959,2405,0,train
mp-1219721,PrNdAl6,0.0063362825000004,0.005-0.02,187,8,4,311,5,2,train
mp-1224814,Ga2CuAgS4,0.0130733374999998,0.005-0.02,82,8,5,144,19,3,train
mp-983410,Ho2CuPd,0.0155856674999999,0.005-0.02,225,4,3,3959,2405,0,train
mp-1205484,Pr2(CuSn2)3,0.0052201756818179,0.005-0.02,107,11,8,157,1,8,train
mp-1008224,CrCo2Si,0.0184809443750006,0.005-0.02,225,4,3,3959,2405,0,train
mp-1219466,Sc2(NbSi)3,0.0153154982500005,0.005-0.02,38,16,9,382,1,15,train
mp-1087546,O2,0.0179926662499996,0.005-0.02,15,8,2,532,2,6,train
mp-553932,GaPO4,0.0064154374999993,0.005-0.02,20,12,4,21,1,8,train
mp-23933,AlH3,0.0091087762499997,0.005-0.02,167,8,2,76,9,1,train
mp-565,Sn2Rh,0.0151587841666653,0.005-0.02,140,6,2,256,37,1,train
mp-976971,NaPd3,0.0087178150000006,0.005-0.02,139,4,3,1232,235,0,train
mp-10851,SiO2,0.0126946155555547,0.005-0.02,181,9,2,7,4,1,train
mp-34903,MgGeP2,0.0135239905000004,0.005-0.02,122,8,3,125,50,1,train
mp-754725,UCd3O6,0.0152200054999971,0.005-0.02,14,20,6,574,34,12,train
mp-4252,SnPS3,0.0070361819999993,0.005-0.02,14,20,5,574,60,15,train
mp-1215216,ZrNbAl6,0.0191565550000003,0.005-0.02,123,8,5,625,25,1,train
mp-1221749,Mn3FeP4,0.0104213965625001,0.005-0.02,6,8,8,162,17,16,train
mp-510493,Ce5Ge3,0.0114589106249995,0.005-0.02,193,16,3,237,92,2,train
mp-1207960,Tm2MgTiO6,0.0170578732500032,0.005-0.02,14,20,6,574,187,12,train
mp-1215179,ZrTiCr4,0.0127306041666663,0.005-0.02,216,6,3,537,135,1,train
mp-1183781,DyMg2Sc,0.0094585949999994,0.005-0.02,225,4,3,3959,2405,0,train
mp-1184061,DyTlRh2,0.0127264091666665,0.005-0.02,225,4,3,3959,2405,0,train
mp-1187006,ScZn2Cu,0.0193525093749991,0.005-0.02,225,4,3,3959,2405,0,train
mp-997005,CaAgO2,0.0124981675000004,0.005-0.02,65,8,5,264,10,2,train
mp-8124,YbCuSi,0.0103683325000005,0.005-0.02,194,6,3,1128,167,0,train
mp-11690,Tc2P3,0.0056402540000011,0.005-0.02,12,10,5,1272,34,10,train
mvc-12526,Mg(NiO2)2,0.015237832936509,0.005-0.02,12,14,7,1272,63,9,train
mp-675293,Yb(YS2)2,0.0156355435714354,0.005-0.02,122,14,3,125,67,4,train
mp-10440,Mg(P2Rh3)2,0.0161905471590921,0.005-0.02,187,11,5,311,10,3,train
mp-1186332,NdTm3,0.0151405100000001,0.005-0.02,194,8,2,1128,438,1,train
mp-1186564,Pm3Gd,0.0104137143750007,0.005-0.02,139,4,3,1232,235,0,train
mp-1103795,Eu2Zn3Ge,0.0091732774999995,0.005-0.02,26,12,6,67,1,12,train
mp-1228178,Ba3SrY2(SbO6)2,0.0113522485000006,0.005-0.02,1,20,20,469,15,60,train
mp-1112472,K2EuAgCl6,0.0172261000000011,0.005-0.02,225,10,4,3959,922,1,train
mp-1077777,Pr2Bi,0.0182427716666664,0.005-0.02,139,6,3,1232,81,2,train
mvc-11012,La2MgTiO6,0.0199309987500004,0.005-0.02,148,10,4,350,37,4,train
mp-867362,K2SrIn7,0.0116930032777782,0.005-0.02,63,20,6,879,0,10,train
mp-12326,CaZn(GeO3)2,0.0169842956833345,0.005-0.02,15,20,6,532,53,14,train
mp-1221741,Mn3CoP4,0.0074489793750007,0.005-0.02,6,8,8,162,17,16,train
mp-1206846,SrRhO3,0.0175685137499961,0.005-0.02,74,10,4,298,13,3,train
mp-2501,BMo2,0.0182220350000008,0.005-0.02,140,6,2,256,37,1,train
mp-1184174,Dy3Lu,0.0103213100000001,0.005-0.02,194,8,2,1128,438,1,train
mp-1176505,LuHO2,0.0132433951041681,0.005-0.02,14,16,4,574,39,12,train
mp-1185241,LiY2Tl,0.008137971180556,0.005-0.02,225,4,3,3959,2405,0,train
mp-1518778,BaSrTbWO6,0.0155470951854077,0.005-0.02,2,20,12,675,51,24,train
mp-867192,Sr2AsAu,0.0061506278958334,0.005-0.02,225,4,3,3959,2405,0,train
mp-1114631,Rb3SbCl6,0.0122358720000002,0.005-0.02,225,10,4,3959,99,1,train
mp-18573,La3ZnNi3,0.0065782069047628,0.005-0.02,63,14,5,879,8,6,train
mp-1186522,Pm3Gd,0.0076619393750005,0.005-0.02,221,4,2,819,338,0,train
mp-549158,InCuO2,0.0053102543750007,0.005-0.02,194,8,3,1128,109,1,train
mp-1211303,KHg5Br11,0.0158059673529415,0.005-0.02,12,17,7,1272,3,11,train
mp-642458,CeIn4Pd,0.0146979145964358,0.005-0.02,63,12,5,879,52,5,train
mp-763290,V3(O2F)2,0.0161159722222237,0.005-0.02,31,18,9,111,1,18,train
mp-1185301,LiF,0.0066658774999996,0.005-0.02,186,4,2,182,26,2,train
mp-1224040,K4MgCu3F12,0.0128016734999993,0.005-0.02,65,20,11,264,2,7,train
mp-1225069,Er2AlCo3,0.013369641960784,0.005-0.02,166,6,3,1075,52,1,train
mp-1187643,YbEuMg2,0.0135594362499995,0.005-0.02,225,4,3,3959,2405,0,train
mp-33880,Sr(GaTe2)2,0.0120872771428572,0.005-0.02,97,7,3,28,3,1,train
mp-19965,K4BaU3O12,0.0356352683750049,0.02-0.04,229,20,5,94,7,1,train
mp-752957,Li4CrSb(WO6)2,0.0372122004999955,0.02-0.04,1,20,20,469,10,60,train
mp-19285,Ba(FeO2)2,0.0354334707142847,0.02-0.04,182,14,4,26,1,2,train
mp-2763,Nd2O3,0.0297494855,0.02-0.04,164,5,3,550,20,2,train
mp-1025349,Sr2ZrO4,0.0345746324999991,0.02-0.04,139,7,4,1232,75,2,train
mp-972657,SmBiAu2,0.0347204950000001,0.02-0.04,225,4,3,3959,2405,0,train
mp-1216137,Y2Co17C,0.0312609309375027,0.02-0.04,12,20,9,1272,6,13,train
mp-996963,CdAgO2,0.0242919987499998,0.02-0.04,12,8,5,1272,41,3,train
mp-632413,CoCl2,0.0239458600000004,0.02-0.04,12,3,2,1272,76,2,train
mp-1105914,KCaH3,0.0367441514999997,0.02-0.04,62,20,4,1186,317,7,train
mp-1222865,LaNdCo10,0.0330806929166653,0.02-0.04,47,12,7,82,7,4,train
mp-1206416,Ho(AlSi)2,0.0285229289999993,0.02-0.04,164,5,3,550,129,2,train
mp-1186653,PmTm,0.0300963279166666,0.02-0.04,187,2,2,311,63,0,train
mp-756205,ScBiO3,0.0321571613749993,0.02-0.04,62,20,4,1186,317,7,train
mp-1178469,Cu3OF5,0.0342517261458334,0.02-0.04,2,18,10,675,15,24,train
mp-551135,BaCuB2O5,0.0277515377777692,0.02-0.04,5,9,6,273,2,12,train
mp-984702,CeDyZn2,0.0263929512500005,0.02-0.04,225,4,3,3959,2405,0,train
mp-1223498,KLaTa2O7,0.0381711515909071,0.02-0.04,38,11,11,382,0,11,train
mp-866006,CaBi3,0.0232400587499999,0.02-0.04,221,4,2,819,338,0,train
mp-1186301,NdDy3,0.0231991950000001,0.02-0.04,139,4,3,1232,235,0,train
mp-542426,CuHgSI,0.0209946752083336,0.02-0.04,33,16,4,46,0,12,train
mp-756230,MnPHO5,0.022709581718745,0.02-0.04,2,16,9,675,13,21,train
mp-4748,NaNbO3,0.0235568029999999,0.02-0.04,63,20,6,879,53,7,train
mp-754146,Rb3YO3,0.0212608371428562,0.02-0.04,12,14,6,1272,21,11,train
mp-32654,Sc2Te3,0.0366999550000004,0.02-0.04,15,10,4,532,7,5,train
mp-1205540,MgRe(PbO3)2,0.0383205920267855,0.02-0.04,225,10,4,3959,922,1,train
mp-753687,Li3Cr2CoO6,0.0250814591666674,0.02-0.04,12,12,7,1272,27,10,train
mp-6304,Sr2GaSbO6,0.0264848597500053,0.02-0.04,87,10,5,100,32,3,train
mp-1667426,Li3V4FeO12,0.0399944883750311,0.02-0.04,5,20,12,273,6,28,train
mp-504997,NdCu(WO4)2,0.0334540753125001,0.02-0.04,2,12,7,675,2,15,train
mp-1228834,CsHgCl3,0.0339976793333325,0.02-0.04,160,5,3,310,22,4,train
mp-1228477,Ba2PrGaS5,0.037746527499987,0.02-0.04,69,18,7,45,3,7,train
mp-1220637,Nb3AlSnMo3,0.0336648793749994,0.02-0.04,146,8,4,72,1,8,train
mp-989601,LaWN3,0.0233291480000001,0.02-0.04,160,5,3,310,22,4,train
mp-1219039,SmY(CoNi)2,0.03435469975346,0.02-0.04,44,6,4,186,1,6,train
mp-1039304,CeMg2,0.0298515149999993,0.02-0.04,12,6,3,1272,76,6,train
mp-1084800,VGe2,0.0325717323232321,0.02-0.04,180,9,2,22,10,1,train
mp-1173043,NaBiS2,0.0235810125000002,0.02-0.04,141,8,3,180,49,1,train
mp-1104347,Lu(Mo3S4)2,0.0298984714999983,0.02-0.04,148,15,4,350,36,7,train
mp-1215652,Zn4CdSe5,0.0295868260000009,0.02-0.04,160,10,10,310,4,10,train
mp-546546,SiO2,0.0300663255555537,0.02-0.04,155,9,3,74,7,3,train
mp-1206710,LaO,0.024122935208334,0.02-0.04,225,2,2,3959,144,0,train
mp-1185936,MgPb2,0.0342668050000001,0.02-0.04,12,6,3,1272,76,6,train
mp-1216600,V(CrTe2)2,0.0312056074285695,0.02-0.04,8,7,7,360,15,14,train
mp-570181,Np3Se4,0.0342233269642857,0.02-0.04,220,14,2,110,55,1,train
mp-1094575,LiMg,0.0245213766666665,0.02-0.04,38,6,6,382,8,6,train
mp-39440,Ca2MnIrO6,0.0207100211666659,0.02-0.04,14,20,6,574,187,12,train
mp-867121,LiY2Pt,0.033942163541667,0.02-0.04,225,4,3,3959,2405,0,train
mp-1187757,Y2RuAu,0.0297205857812503,0.02-0.04,225,4,3,3959,2405,0,train
mp-755871,V6O7F5,0.0305878950000035,0.02-0.04,1,18,18,469,18,54,train
mp-546953,Co2As2O7,0.032196781136367,0.02-0.04,2,11,6,675,0,15,train
mp-7143,BaPuO3,0.0243774380000036,0.02-0.04,221,5,3,819,272,0,train
mp-37478,La5AgS8,0.0239435765773823,0.02-0.04,82,14,5,144,21,9,train
mp-1228929,Al2CrB2Mo,0.0386149961168387,0.02-0.04,38,6,6,382,0,6,train
mp-568394,MoCl3,0.0351026458333327,0.02-0.04,15,16,5,532,5,11,train
mp-1100783,Sr2Mg,0.0321777133333331,0.02-0.04,140,6,2,256,37,1,train
mp-1221751,MnFeSn4,0.0203195745114932,0.02-0.04,97,6,3,28,8,1,train
mp-20470,Gd2O3,0.0394105129999999,0.02-0.04,164,5,3,550,20,2,train
mp-555552,KNaSO4,0.0343665190476194,0.02-0.04,164,14,6,550,0,5,train
mp-1096994,HfN,0.0320502375,0.02-0.04,194,4,2,1128,51,0,train
mp-1188995,Cr2B2Ir,0.0567822983750012,0.04-0.06,58,20,5,58,6,10,train
mp-22487,EuScO3,0.0444029627500022,0.04-0.06,62,20,4,1186,317,7,train
mp-755609,Y2SeO2,0.0540741960000001,0.04-0.06,139,5,3,1232,442,1,train
mp-989614,LaReN3,0.042172034,0.04-0.06,14,20,5,574,60,15,train
mvc-12966,Mg(MnS2)2,0.0497209442857151,0.04-0.06,227,14,3,302,126,1,train
mp-675590,Cu6BiS6,0.0442549542094008,0.04-0.06,1,13,13,469,2,39,train
mp-1178124,La3ScO6,0.0473654996250001,0.04-0.06,36,20,7,173,15,17,train
mp-753760,Li2MnVO4,0.0577145734375008,0.04-0.06,15,16,6,532,6,6,train
mp-1205321,PtS,0.0421721968750006,0.04-0.06,84,16,4,12,1,5,train
mp-1518516,BaSrBiSbO6,0.055639574200005,0.04-0.06,216,10,5,537,129,1,train
mp-1114342,KRb2EuCl6,0.0473049850000002,0.04-0.06,225,10,4,3959,922,1,train
mp-972960,La2IrAu,0.05538526625,0.04-0.06,225,4,3,3959,2405,0,train
mp-1113536,Cs2TlAuCl6,0.0511276774999998,0.04-0.06,225,10,4,3959,922,1,train
mp-38099,Rb4Cl2O,0.0463093426190472,0.04-0.06,122,14,3,125,67,4,train
mp-20040,EuBPd3,0.0534471142857153,0.04-0.06,221,5,3,819,272,0,train
mp-13303,ErSnAu,0.0481574450000001,0.04-0.06,186,6,3,182,87,3,train
mp-756251,Ba2LaCl7,0.0442555270000015,0.04-0.06,15,20,6,532,6,14,train
mp-19171,Y(FeO2)2,0.0474616841964241,0.04-0.06,166,7,4,1075,21,3,train
mp-752547,Mn3OF5,0.0542583251388864,0.04-0.06,6,18,18,162,5,36,train
mp-675637,Ge5(Te4As)2,0.0576396293333338,0.04-0.06,12,15,9,1272,1,12,train
mp-1220342,Nb6GaSn,0.0480318309375,0.04-0.06,200,8,3,32,26,1,train
mp-1522933,BaSrGdNbO6,0.0458527378750002,0.04-0.06,216,10,5,537,129,1,train
mp-1187593,Tl3As,0.0543822875000001,0.04-0.06,194,8,2,1128,438,1,train
mp-760335,Li3FeO4,0.0573186924999999,0.04-0.06,65,8,5,264,12,2,train
mvc-11094,CaLa2VO6,0.0415499545624982,0.04-0.06,148,10,4,350,37,4,train
mp-684723,TiNb2Zn(PbO3)4,0.0525872722906335,0.04-0.06,1,20,20,469,10,60,train
mp-756087,MnV3O8,0.0565945466666679,0.04-0.06,8,12,12,360,5,24,train
mp-16733,Sc2GaC,0.0555563707812494,0.04-0.06,194,8,3,1128,109,1,train
mp-561781,Ba2Nd2Co4O11,0.0595472317105194,0.04-0.06,25,19,15,123,0,19,train
mp-1215686,ZnNi4O5,0.0486664749999992,0.04-0.06,71,10,6,418,7,4,train
mp-1026356,Te4W3Se2,0.0441017494444455,0.04-0.06,187,9,5,311,4,4,train
mp-1103609,Nb4NiP,0.0578985211944456,0.04-0.06,124,12,3,14,12,2,train
mp-1112609,Cs2InCuCl6,0.0411481324999996,0.04-0.06,225,10,4,3959,922,1,train
mp-1188192,Sm2Mn2Fe15,0.0589842128493653,0.04-0.06,166,19,5,1075,10,5,train
mp-21190,PbSO3,0.0574192566250024,0.04-0.06,11,10,4,276,32,9,train
mp-755077,VO2F,0.0585045597916655,0.04-0.06,2,16,9,675,15,21,train
mp-1227828,BaNbNO2,0.0567355756250194,0.04-0.06,123,5,4,625,6,0,train
mp-755627,Na2FeO3,0.0528267216666664,0.04-0.06,36,12,4,173,29,10,train
mp-1220129,NdDy,0.0445863133333332,0.04-0.06,160,6,6,310,23,6,train
mp-1190287,LiCO2,0.0563769881250006,0.04-0.06,14,16,4,574,39,12,train
mp-1174046,Li3MnCoO5,0.0564684759999982,0.04-0.06,5,20,15,273,1,25,train
mp-755008,Li2FeNiO4,0.0419686184374992,0.04-0.06,10,8,6,137,12,4,train
mp-1184995,La3Cd,0.0407310675000003,0.04-0.06,221,4,2,819,338,0,train
mp-755017,V3CoO8,0.044511997916663,0.04-0.06,8,12,12,360,5,24,train
mvc-3081,ZnMoF5,0.0537108764285685,0.04-0.06,15,14,5,532,29,8,train
mp-975109,RbNa3,0.0519146419612068,0.04-0.06,194,8,2,1128,438,1,train
mp-1111624,K2NaSbCl6,0.0415887327500006,0.04-0.06,225,10,4,3959,922,1,train
mp-571,TiNi,0.0484943749999997,0.04-0.06,221,2,2,819,167,0,train
mp-1068742,SrZrO3,0.048340725500001,0.04-0.06,99,5,4,87,13,4,train
mp-1176626,LiMnF4,0.0504150500000006,0.04-0.06,12,12,6,1272,21,12,train
mp-972641,SmHoIr2,0.0420427152499973,0.04-0.06,225,4,3,3959,2405,0,train
mp-754612,Mn6O7F5,0.051564125208336,0.04-0.06,6,18,12,162,2,30,train
mp-998916,KO2,0.0450824408333323,0.04-0.06,205,12,2,30,29,1,train
mp-1019315,TbSbPd,0.056332553333334,0.04-0.06,194,6,3,1128,167,0,train
mp-1221275,Na2Zn3GeAs4,0.0426017735000012,0.04-0.06,8,10,10,360,3,20,train
mp-753026,ZnCoO3,0.0560993059473675,0.04-0.06,15,20,6,532,35,14,train
mp-1030375,Te3MoWSe,0.0529678229166661,0.04-0.06,156,12,12,301,21,12,train
mp-1094592,LiMg,0.0443893216666664,0.04-0.06,156,6,6,301,4,6,train
mp-5178,V2CuS4,0.0598581738095269,0.04-0.06,227,14,3,302,126,1,train
mp-759738,LiFeSiO4,0.0527458217856944,0.04-0.06,9,14,7,106,3,21,train
mp-862536,La2CuIr,0.0713581650000012,0.06-0.0801,225,4,3,3959,2405,0,train
mp-849495,Li4Mn2Cu3O10,0.0741777742105309,0.06-0.0801,2,19,10,675,3,27,train
mp-1106291,Pr2Al3Co14,0.0745081483040932,0.06-0.0801,166,19,5,1075,2,5,train
mp-752749,NaCo3O4,0.0647957318750007,0.06-0.0801,31,16,6,111,13,14,train
mp-1523239,KEuNb4O12,0.0791955272222288,0.06-0.0801,38,18,8,382,4,16,train
mp-1103567,Zr4NiP,0.0742032112499995,0.06-0.0801,124,12,3,14,12,2,train
mp-1227372,BiTeIr,0.0734549875000007,0.06-0.0801,198,12,3,66,47,3,train
mp-1099079,CeMg14Sn,0.0760751481038117,0.06-0.0801,38,16,9,382,2,15,train
mp-1289592,Mn2FeReO6,0.0797006848928614,0.06-0.0801,2,20,12,675,22,24,train
mp-1225908,CsTi3AlO8,0.0748319584615284,0.06-0.0801,1,13,13,469,2,39,train
mp-1187475,Ti3Be,0.0720774297916664,0.06-0.0801,139,4,3,1232,235,0,train
mp-1272771,LiFeOF,0.075727969999999,0.06-0.0801,65,4,4,264,0,0,train
mp-1232117,EuS2,0.0680323499999993,0.06-0.0801,129,6,3,471,36,2,train
mp-1186100,NaAg3,0.0791076170833338,0.06-0.0801,221,4,2,819,338,0,train
mp-20137,Dy(GePt)2,0.0738824289999993,0.06-0.0801,139,5,3,1232,442,1,train
mp-754018,MnOF,0.071496307916667,0.06-0.0801,14,12,3,574,41,9,train
mp-1519895,CaEuTiNbO6,0.0703490568749956,0.06-0.0801,216,10,5,537,129,1,train
mp-1039385,Ca5Mg,0.0606989956250001,0.06-0.0801,187,6,4,311,7,2,train
mp-989518,Rb2SBrCl6,0.0678738839062496,0.06-0.0801,225,10,4,3959,922,1,train
mp-1174209,Li4Mn3CoO8,0.0622820017187502,0.06-0.0801,10,16,10,137,7,12,train
mp-761549,LiMnPO4,0.0710932567857227,0.06-0.0801,1,14,14,469,0,42,train
mp-861733,LiTePd2,0.0768021299999999,0.06-0.0801,225,4,3,3959,2405,0,train
mp-1114405,KRb2LaCl6,0.0630439882500004,0.06-0.0801,225,10,4,3959,922,1,train
mp-1216903,TiCrS2,0.077215395833333,0.06-0.0801,164,4,3,550,24,1,train
mp-18981,Sr2CaWO6,0.0730216200000004,0.06-0.0801,225,10,4,3959,922,1,train
mp-558183,MoS2N2Cl5,0.0779402747333337,0.06-0.0801,2,20,10,675,2,30,train
mvc-14312,VF5,0.0653662995833324,0.06-0.0801,15,12,4,532,2,7,train
mp-755046,Ce3Y4O12,0.0682626188157904,0.06-0.0801,8,19,19,360,0,38,train
mp-1215400,Zr3Se4,0.0747329471428566,0.06-0.0801,65,7,4,264,1,2,train
mp-1101192,V4CrFeO12,0.065315207986119,0.06-0.0801,5,18,10,273,9,26,train
mp-19255,TiFe2O5,0.0706099209374997,0.06-0.0801,15,16,5,532,17,10,train
mp-754659,Zr3N2O3,0.062079330625,0.06-0.0801,36,16,8,173,0,16,train
mp-613612,Yb(Fe2Ge)2,0.0625633385714268,0.06-0.0801,136,14,3,166,34,3,train
mp-25886,CuPO4,0.078055052083334,0.06-0.0801,43,12,4,39,1,8,train
mp-776655,Ti2O3,0.0789718150000009,0.06-0.0801,163,20,4,41,3,4,train
mp-752937,LiV2O2F3,0.0685495644531313,0.06-0.0801,63,16,5,879,3,8,train
mp-1218765,Sr2MnCrO6,0.0614429561111249,0.06-0.0801,123,10,6,625,20,1,train
mp-1112930,Cs2BiAuBr6,0.0691310824999993,0.06-0.0801,225,10,4,3959,922,1,train
mp-1228640,B12S,0.0755398299008556,0.06-0.0801,160,13,5,310,0,9,train
mp-1226514,InCuSe2,0.0603546362500004,0.06-0.0801,156,4,4,301,32,4,train
mp-1215823,YUGa4,0.0681620866666667,0.06-0.0801,47,6,4,82,1,2,train
mp-1239122,ZrCrCuS4,0.0775993489285715,0.06-0.0801,8,7,7,360,5,14,train
mp-754805,Li5Fe3(SbO5)2,0.0729751799999984,0.06-0.0801,2,20,11,675,14,27,train
mp-1102364,AsRh2,0.0799043250000002,0.06-0.0801,62,12,3,1186,101,6,train
mp-1222294,LiNdS2,0.0786705065625037,0.06-0.0801,123,4,4,625,135,0,train
mp-1226665,CeCuPt4,0.0611689566666626,0.06-0.0801,187,6,4,311,36,1,train
mp-755889,LiV2F7,0.0702357530000039,0.06-0.0801,15,20,6,532,6,13,train
mp-976260,LiTm2Au,0.0641514722916669,0.06-0.0801,225,4,3,3959,2405,0,train
mp-647,NbS,0.0657296840548777,0.06-0.0801,194,4,2,1128,51,0,train
mp-1095506,BaReH9,0.0669121309090909,0.06-0.0801,155,11,4,74,0,4,train
mp-1102695,YbRe2,0.0681770233333338,0.06-0.0801,194,12,3,1128,126,2,train
mp-866811,CaSnS3,0.0738377317499976,0.06-0.0801,62,20,5,1186,317,10,train
mp-30789,U2Mo,0.0687579333333339,0.06-0.0801,139,3,2,1232,81,1,train
mp-1103067,FePSe,0.0742428116666671,0.06-0.0801,14,12,3,574,41,9,train
mp-568838,Hg4I7,0.0772018774431824,0.06-0.0801,115,11,4,111,1,4,train
mp-755161,Tb2WO6,0.0745599444444433,0.06-0.0801,4,18,9,150,6,27,train
mp-1522483,BaSrTbSnO6,0.071406641312496,0.06-0.0801,216,10,5,537,129,1,train
mp-26691,Li3Ni(PO4)2,0.0608181387499975,0.06-0.0801,12,14,7,1272,14,11,train
mp-1025769,Te4Mo3S2,0.0695770811111096,0.06-0.0801,187,9,5,311,4,4,train
mp-1227288,Ce2In3Cu,0.061347644444444,0.06-0.0801,25,6,6,123,28,6,train
