material_id,k,chunk,tau_ref,tau_gen
mp-1077349,0,t20,0.5,0.5
mp-1186679,0,t20,0.5,0.5
mp-1220865,0,t20,0.5,0.5
mp-1111916,0,t20,0.5,0.5
mp-1224904,0,t20,0.5,0.5
mp-1221971,0,t20,0.5,0.2299316489133851
mp-7048,0,t20,0.5,0.06299605249474366
mp-1189476,0,t20,0.17747683298777855,0.08161508170561078
mp-1025044,0,t20,0.5,0.5
mp-1210673,0,t20,0.5,0.5
mp-157,0,t20,0.5,0.5
mp-1225091,0,t20,0.5,0.5
mp-1078182,0,t20,0.5,0.5
mvc-15933,0,t20,0.5,0.5
mp-13063,0,t20,0.5,0.5
mp-1217978,0,t20,0.5,0.5
mp-1114495,0,t20,0.5,0.5
mp-757176,0,t20,0.5,0.5
mp-1416,0,t20,0.5,0.5
mp-1079836,0,t20,0.5,0.5
mp-862954,0,v0_o12,0.5,0.5
mp-866209,0,v0_o12,0.5,0.5
mp-1207040,0,v0_o12,0.5,0.5
mp-2497,0,v0_o12,0.5,0.5
mp-1206215,0,v0_o12,0.5,0.5
mp-295,0,v0_o12,0.5,0.5
mp-19713,0,v0_o12,0.5,0.5
mp-755471,0,v0_o12,0.5,0.5
mp-1208602,0,v0_o12,0.5,0.5
mp-1220403,0,v0_o12,0.5,0.5
mp-1183483,0,v0_o12,0.5,0.5
mp-1222617,0,v0_o12,0.5,0.5
mp-1235708,0,v0_o12,0.5,0.5
mp-801,0,v0_o12,0.5,0.5
mp-31115,0,v0_o12,0.5,0.5
mp-1186966,0,v0_o12,0.5,0.5
mp-1227390,0,v0_o12,0.5,0.5
mp-1186693,0,v0_o12,0.5,0.5
mp-979751,0,v0_o12,0.5,0.5
mp-1056985,0,v0_o12,0.5,0.38593389345595
mp-1080816,0,v0_o12,0.5,0.5
mp-1216775,0,v0_o12,0.5,0.5
mp-1207214,0,v0_o12,0.5,0.5
mp-696752,0,v0_o12,0.5,0.5
mp-973053,0,v0_o12,0.5,0.5
mp-779166,0,v0_o12,0.5,0.5
mp-22905,0,v0_o12,0.5,0.5
mp-989609,0,v0_o12,0.5,0.5
mp-11892,0,v0_o12,0.5,0.5
mp-2435,0,v0_o12,0.5,0.5
mp-561954,0,v0_o12,0.5,0.5
mp-1101341,0,v0_o12,0.5,0.5
mp-755517,0,v0_o12,0.5,0.5
mp-865270,0,v0_o12,0.5,0.5
mp-570756,0,v0_o12,0.13698865030640953,0.5
mp-1542959,0,v0_o12,,0.06299605249474366
mp-1100346,0,v0_o12,0.5,0.5
mp-11654,0,v0_o12,0.5,0.5
mp-1105241,0,v0_o12,0.5,0.5
mp-1186780,0,v0_o12,0.5,0.5
mp-15659,0,v0_o12,0.5,0.5
mp-1178393,0,v0_o12,0.5,0.5
mvc-5997,0,v0_o12,0.5,0.5
mp-1226017,0,v0_o12,0.5,0.5
mp-753793,0,v0_o12,0.5,0.5
mp-1113353,0,v0_o12,0.5,0.5
mp-1205948,0,v0_o12,0.5,0.5
mp-1187973,0,v0_o12,0.5,0.5
mp-1222282,0,v0_o12,0.5,0.5
mp-1216601,0,v0_o12,0.5,0.5
mp-11546,0,v0_o12,0.5,0.5
mp-754960,0,v0_o12,0.5,0.5
mp-760546,0,v0_o12,0.5,0.5
mp-1113623,0,v0_o12,0.5,0.5
mp-1094674,0,v0_o12,0.5,0.5
mp-752918,0,v0_o12,0.5,0.5
mp-1103952,0,v0_o12,0.5,0.1057371263440564
mp-1283489,0,v0_o12,0.5,0.08161508170561078
mp-1217577,0,v0_o12,0.5,0.5
mp-550469,0,v0_o12,0.5,0.5
mp-2225,0,v0_o24,0.5,0.5
mp-20913,0,v0_o24,0.5,0.5
mp-1114380,0,v0_o24,0.5,0.5
mp-1025175,0,v0_o24,0.5,0.5
mp-1222413,0,v0_o24,0.5,0.5
mp-21272,0,v0_o24,0.5,0.5
mp-862777,0,v0_o24,0.5,0.5
mp-1205629,0,v0_o24,0.5,0.5
mp-1189924,0,v0_o24,0.5,0.5
mp-1189793,0,v0_o24,0.5,0.5
mp-1228433,0,v0_o24,0.5,0.5
mp-7559,0,v0_o24,0.5,0.5
mp-984714,0,v0_o24,0.5,0.5
mp-1228089,0,v0_o24,0.5,0.5
mp-1205716,0,v0_o24,0.5,0.5
mp-1184284,0,v0_o24,0.5,0.5
mp-1189044,0,v0_o24,0.5,0.5
mp-1183459,0,v0_o24,0.5,0.5
mp-36031,0,v0_o24,0.5,0.5
mp-1221485,0,v0_o24,0.5,0.5
mp-982010,0,v0_o24,0.5,0.5
mp-644225,0,v0_o24,0.5,0.5
mp-1080518,0,v0_o24,0.5,0.5
mp-697833,0,v0_o24,0.5,0.5
mp-1118832,0,v0_o24,0.5,0.38593389345595
mp-759488,0,v0_o24,0.5,0.5
mp-1186135,0,v0_o24,0.5,0.5
mp-1217761,0,v0_o24,0.5,0.5
mp-12360,0,v0_o24,0.5,0.5
mp-754094,0,v0_o24,0.5,0.5
mp-1219475,0,v0_o24,0.5,0.5
mp-39542,0,v0_o24,0.5,0.5
mp-1205999,0,v0_o24,0.5,0.5
mp-1209962,0,v0_o24,0.5,0.5
mp-755777,0,v0_o24,0.5,0.5
mp-1113564,0,v0_o24,0.5,0.5
mp-1227257,0,v0_o24,0.5,0.5
mp-765691,0,v0_o24,0.5,0.5
mp-1094922,0,v0_o24,0.5,0.5
mp-1228749,0,v0_o24,0.5,0.5
mp-1217394,0,v0_o24,0.5,0.5
mp-677489,0,v0_o24,0.5,0.5
mp-1105681,0,v0_o24,0.5,0.5
mp-985471,0,v0_o24,0.5,0.5
mp-1094140,0,v0_o24,0.5,0.5
mp-680754,0,v0_o24,0.5,0.5
mp-1120796,0,v0_o24,0.5,0.5
mp-1208293,0,v0_o24,0.5,0.5
mp-1216647,0,v0_o24,0.5,0.5
mp-1174849,0,v0_o24,0.5,0.5
mp-1207382,0,v0_o24,0.5,0.5
mp-972633,0,v0_o24,0.5,0.5
mp-976272,0,v0_o24,0.5,0.5
mp-504862,0,v0_o24,0.5,0.5
mp-1247459,0,v0_o24,0.5,0.5
mp-1219521,0,v0_o24,0.5,0.5
mp-758590,0,v0_o24,0.5,0.5
mp-1215301,0,v0_o24,,0.5
mp-1094619,0,v0_o24,0.5,0.5
mp-1224967,0,v0_o24,0.5,0.5
mp-568596,0,v0_o36,0.5,0.5
mvc-15792,0,v0_o36,,0.5
mp-1207986,0,v0_o36,0.5,0.5
mp-1223473,0,v0_o36,0.5,0.5
mp-15238,0,v0_o36,0.5,0.5
mp-30884,0,v0_o36,0.5,0.5
mp-1211229,0,v0_o36,0.5,0.5
mp-30251,0,v0_o36,0.5,0.5
mp-27661,0,v0_o36,0.5,0.5
mp-1079069,0,v0_o36,,0.5
mp-27637,0,v0_o36,0.5,0.5
mp-636619,0,v0_o36,0.5,0.5
mp-9791,0,v0_o36,0.5,0.5
mp-581786,0,v0_o36,0.5,0.5
mp-1188539,0,v0_o36,0.5,0.5
mp-513,0,v0_o36,0.5,0.5
mp-755362,0,v0_o36,0.5,0.5
mp-1227775,0,v0_o36,0.5,0.5
mp-1113332,0,v0_o36,0.5,0.5
mp-1025053,0,v0_o36,0.5,0.5
mp-556004,0,v0_o36,0.5,0.5
mp-978795,0,v0_o36,0.5,0.5
mp-972971,0,v0_o36,0.5,0.5
mp-1225323,0,v0_o36,0.5,0.5
mp-753628,0,v0_o36,0.5,0.5
mp-1215843,0,v0_o36,0.5,0.5
mp-1219965,0,v0_o36,0.5,0.5
mp-1226669,0,v0_o36,0.5,0.5
mp-2336,0,v0_o36,0.5,0.5
mp-1219728,0,v0_o36,0.5,0.5
mp-1226898,0,v0_o36,0.5,0.5
mp-570377,0,v0_o36,0.5,0.5
mp-1086668,0,v0_o36,0.5,0.5
mp-1223843,0,v0_o36,0.5,0.5
mp-1518616,0,v0_o36,0.5,0.5
mp-1147739,0,v0_o36,0.5,0.5
mp-1103874,0,v0_o36,0.5,0.5
mp-1217525,0,v0_o36,0.5,0.5
mp-28779,0,v0_o36,0.5,0.5
mp-1225178,0,v0_o36,0.5,0.5
mp-756302,0,v0_o36,0.5,0.5
mp-777497,0,v0_o36,,0.5
mp-1222713,0,v0_o36,0.5,0.5
mp-23022,0,v0_o36,0.5,0.5
mp-566257,0,v0_o36,0.5,0.5
mp-1079861,0,v0_o36,0.5,0.5
mp-1018084,0,v0_o36,0.5,0.08161508170561078
mp-1227350,0,v0_o36,0.5,0.5
mp-1078081,0,v0_o36,0.5,0.5
mp-1147587,0,v0_o36,0.5,0.5
mp-505781,0,v0_o36,0.5,0.5
mp-1018053,0,v0_o36,0.5,0.5
mp-1246974,0,v0_o36,,0.5
mp-1173895,0,v0_o36,0.5,0.5
mp-1215601,0,v0_o36,0.5,0.5
mp-1521619,0,v0_o36,0.5,0.5
mp-5090,0,v0_o36,0.5,0.5
mp-1219502,0,v0_o36,0.5,0.5
mp-1216638,0,v0_o36,0.5,0.5
mp-1039434,0,v0_o36,0.5,0.5
mp-12924,0,v0_o4,0.5,0.5
mp-1228269,0,v0_o4,0.5,0.17747683298777855
mp-1207582,0,v0_o4,0.5,0.5
mp-1104792,0,v0_o4,0.5,0.5
mp-1207100,0,v0_o4,0.5,0.5
mp-31160,0,v0_o4,0.5,0.5
mp-23871,0,v0_o4,0.5,0.5
mp-1540169,0,v0_o4,,0.5
mp-4096,0,v0_o4,0.5,0.5
mp-1522319,0,v0_o4,0.5,0.5
mp-1185322,0,v0_o4,0.5,0.5
mp-1225346,0,v0_o4,0.5,0.5
mp-20152,0,v0_o4,0.5,0.5
mp-5938,0,v0_o4,0.5,0.5
mp-1189327,0,v0_o4,0.5,0.5
mp-26220,0,v0_o4,,0.5
mp-1221974,0,v0_o4,0.5,0.5
mp-1186235,0,v0_o4,0.5,0.5
mp-1185962,0,v0_o4,0.5,0.5
mp-777522,0,v0_o4,0.5,0.29788994023613713
mp-752938,0,v0_o4,0.5,0.5
mp-1222864,0,v0_o4,0.5,0.5
mp-28491,0,v0_o4,0.5,0.5
mp-23807,0,v0_o4,0.5,0.5
mp-1079228,0,v0_o4,0.5,0.5
mp-1206538,0,v0_o4,0.5,0.5
mp-1284156,0,v0_o4,,0.13698865030640953
mp-1040455,0,v0_o4,0.38593389345595,0.5
mp-1105641,0,v0_o4,0.5,0.5
mvc-3998,0,v0_o4,0.5,0.5
mp-1104173,0,v0_o4,0.5,0.5
mp-752457,0,v0_o4,0.5,0.5
mp-1188785,0,v0_o4,0.5,0.5
mp-775122,0,v0_o4,0.5,0.5
mp-756939,0,v0_o4,0.5,0.5
mp-1103601,0,v0_o4,0.5,0.5
mp-1213756,0,v0_o4,0.5,0.5
mp-1183748,0,v0_o4,0.5,0.5
mp-625700,0,v0_o4,0.5,0.5
mp-1063224,0,v0_o4,0.5,0.5
mp-3250,0,v0_o48,0.5,0.5
mp-973756,0,v0_o48,0.5,0.5
mp-19241,0,v0_o48,0.1057371263440564,0.13698865030640953
mp-1225041,0,v0_o48,0.5,0.5
mp-1102373,0,v0_o48,0.5,0.5
mp-7388,0,v0_o48,0.5,0.5
mp-1224282,0,v0_o48,0.5,0.5
mp-28339,0,v0_o48,0.5,0.2299316489133851
mp-23039,0,v0_o48,0.5,0.5
mp-22106,0,v0_o48,0.5,0.5
mp-1187031,0,v0_o48,0.5,0.5
mp-1228646,0,v0_o48,0.5,0.5
mp-1216397,0,v0_o48,0.5,0.5
mp-777422,0,v0_o48,0.5,0.5
mp-23079,0,v0_o48,0.5,0.5
mp-1185380,0,v0_o48,0.5,0.5
mp-760476,0,v0_o48,0.5,0.5
mp-568354,0,v0_o48,0.5,0.5
mp-562490,0,v0_o48,0.5,0.5
mp-1187857,0,v0_o48,0.5,0.5
mp-27552,0,v0_o48,0.5,0.5
mp-975537,0,v0_o48,0.5,0.5
mp-759867,0,v0_o48,0.5,0.5
mp-1183638,0,v0_o48,0.5,0.5
mp-555332,0,v0_o48,0.5,0.5
mp-1208510,0,v0_o48,0.5,0.5
mp-36223,0,v0_o48,0.5,0.5
mp-638253,0,v0_o48,0.5,0.5
mp-20883,0,v0_o48,0.5,0.5
mp-1189839,0,v0_o48,0.5,0.5
mp-1187098,0,v0_o48,0.5,0.5
mp-550807,0,v0_o48,,0.5
mp-505302,0,v0_o48,0.5,0.5
mp-1185147,0,v0_o48,0.5,0.5
mp-30914,0,v0_o48,0.5,0.5
mp-28765,0,v0_o48,0.5,0.5
mp-1228494,0,v0_o48,0.5,0.5
mp-1519753,0,v0_o48,0.5,0.5
mp-1211236,0,v0_o48,0.5,0.5
mp-1112924,0,v0_o48,0.5,0.5
mp-752669,0,v0_o48,0.5,0.5
mp-1176629,0,v0_o48,0.5,0.5
mp-1184785,0,v0_o48,0.5,0.5
mp-1519208,0,v0_o48,0.5,0.5
mp-1105734,0,v0_o48,0.5,0.5
mp-1215536,0,v0_o48,0.5,0.5
mp-1174003,0,v0_o48,0.5,0.5
mp-1225840,0,v0_o48,,0.5
mp-1030723,0,v0_o48,0.5,0.5
mp-1111258,0,v0_o48,0.5,0.5
mp-1304693,0,v0_o48,,0.29788994023613713
mp-755685,0,v0_o48,0.5,0.03753178062554348
mp-1106195,0,v0_o48,0.29788994023613713,0.5
mp-755570,0,v0_o48,0.5,0.5
mp-1228956,0,v0_o48,0.5,0.5
mp-556777,0,v0_o48,0.5,0.5
mp-1185798,0,v0_o48,0.5,0.5
mp-1517190,0,v0_o48,0.5,0.5
mp-1226557,0,v0_o48,0.5,0.5
mvc-13928,0,v0_o48,0.5,0.5
