material_id,formula,e_above_hull,bin,sg,n_atoms,n_orbits,sg_train_count
mp-1077349,ThGeTe,0.0,0-0.005,139,6,3,1233
mp-1186679,PmZnRh2,0.0,0-0.005,225,4,3,3960
mp-1220865,NaSm2Se3,0.0019571633333335,0-0.005,71,6,4,419
mp-1111916,K2NaTiF6,0.0,0-0.005,225,10,4,3960
mp-12924,KLaSiS4,0.0024059614285718,0-0.005,11,14,6,277
mp-1228269,Ba4Bi(PbO4)3,0.0013686374999997,0-0.005,12,20,9,1273
mp-1207582,YbCrO3,0.0,0-0.005,62,20,4,1187
mp-1104792,MnBe12,0.0,0-0.005,139,13,4,1233
mp-1207100,ScIn,0.0,0-0.005,123,2,2,626
mp-31160,CaZnSn,0.0,0-0.005,186,6,3,183
mp-23871,CsMnP3HO10,0.0,0-0.005,5,16,10,274
mp-1540169,CsSbWO6,0.0,0-0.005,74,18,6,299
mp-862954,PmPd3,0.0,0-0.005,221,4,2,820
mp-866209,Pm2SiNi,0.0,0-0.005,225,4,3,3960
mp-1207040,Ba2InOsO6,0.0,0-0.005,225,10,4,3960
mp-2497,GdZn,0.0,0-0.005,221,2,2,820
mp-1206215,Er4Ni2C5,0.0,0-0.005,25,11,7,124
mp-295,HoAs,0.0,0-0.005,225,2,2,3960
mp-19713,Sc3In,0.0,0-0.005,194,8,2,1129
mp-755471,LuCrO3,0.0,0-0.005,62,20,4,1187
mp-1208602,SrZrF6,0.0,0-0.005,67,16,4,11
mp-1220403,Nd2Ga5Cu3,0.0,0-0.005,115,10,7,112
mp-1183483,CaAcRh2,0.0,0-0.005,225,4,3,3960
mp-1222617,Li2ZnCu3,0.0,0-0.005,166,6,3,1076
mp-2225,Be2Fe,0.0,0-0.005,194,12,3,1129
mp-20913,UGeS,0.0,0-0.005,129,6,3,472
mp-1114380,Rb3VF6,0.0,0-0.005,225,10,4,3960
mp-1025175,Lu2Cr2C3,0.0,0-0.005,12,7,4,1273
mp-1222413,LiB3,0.0,0-0.005,127,16,3,246
mp-21272,ErNiSb,0.0,0-0.005,216,3,3,538
mp-862777,TmPaRu2,0.0,0-0.005,225,4,3,3960
mp-1205629,Cs3FeF6,0.0,0-0.005,225,10,4,3960
mp-1189924,Nd2Zn5Sn,0.0,0-0.005,63,16,6,880
mp-1189793,TiPt3,0.0028341340178599,0-0.005,194,16,4,1129
mp-1228433,Ba2Na(SnAs)6,0.0,0-0.005,12,15,6,1273
mp-7559,YNi4B,0.0,0-0.005,191,12,5,355
mp-568596,SmInAu2,0.0,0-0.005,225,4,3,3960
mvc-15792,CaCuF5,0.0,0-0.005,2,14,8,676
mp-1207986,Tm5SbPd2,0.0,0-0.005,140,16,4,257
mp-1223473,KBH4,0.0035735716666671,0-0.005,216,6,3,538
mp-15238,Ho4C5,0.0,0-0.005,55,18,5,40
mp-30884,YZn3,0.0,0-0.005,62,16,4,1187
mp-1211229,La(ZnP)3,0.0,0-0.005,194,14,5,1129
mp-30251,YAuO2,0.002037365260417,0-0.005,194,8,3,1129
mp-27661,U2Cl5O2,0.0,0-0.005,65,9,4,265
mp-1079069,La2Mn2Se2O3,0.0,0-0.005,139,9,5,1233
mp-27637,NiBr2,0.0,0-0.005,166,3,2,1076
mp-636619,Gd2MnGa6,0.0,0-0.005,225,9,3,3960
mp-3250,Ni2SbTe2,0.0,0-0.005,194,10,3,1129
mp-973756,Lu2Mo2C3,0.0,0-0.005,12,7,4,1273
mp-19241,BaNiO3,0.0,0-0.005,186,10,3,183
mp-1225041,DyZnSi,0.0,0-0.005,187,3,3,312
mp-1102373,YGeIr,0.0,0-0.005,62,12,3,1187
mp-7388,NaAuF4,0.0,0-0.005,140,12,3,257
mp-1224282,HfSeS,0.0017528000000002,0-0.005,156,3,3,302
mp-28339,CaPPt,0.0,0-0.005,26,12,6,68
mp-23039,Er6MnBi2,0.0,0-0.005,189,9,4,469
mp-22106,NdNiO3,0.0,0-0.005,62,20,4,1187
mp-1187031,SmTmIn2,0.0007442794999992,0-0.005,225,4,3,3960
mp-1228646,Ba(GeAu)2,0.0,0-0.005,139,5,3,1233
mp-1224904,Ga2Fe(PO4)3,0.0121975522222221,0.005-0.02,5,18,10,274
mp-1221971,MgZn3S4,0.0132172446428575,0.005-0.02,6,8,8,163
mp-7048,Al2O3,0.009381222,0.005-0.02,12,10,5,1273
mp-1189476,NdMnO3,0.0113423685000011,0.005-0.02,14,20,6,575
mp-4096,CeAlO3,0.0056001959999978,0.005-0.02,140,10,4,257
mp-1522319,BaSrDyWO6,0.0063224958541727,0.005-0.02,2,20,12,676
mp-1185322,LiCuAu2,0.01555840875,0.005-0.02,225,4,3,3960
mp-1225346,Dy3SOF5,0.0063287504166673,0.005-0.02,6,20,20,163
mp-20152,In(MoSe)3,0.0091664292857132,0.005-0.02,176,14,3,74
mp-5938,SrCu2O3,0.018112117500002,0.005-0.02,65,6,4,265
mp-1189327,Sm2Si5Ni3,0.0126212872499991,0.005-0.02,72,20,6,111
mp-26220,MnPO4,0.011608090000001,0.005-0.02,63,12,4,880
mp-1235708,LiO8,0.0168178633333333,0.005-0.02,1,9,9,470
mp-801,Mo3Os,0.0111346537500001,0.005-0.02,223,8,2,54
mp-31115,Er3GaO6,0.0068695206499995,0.005-0.02,36,20,7,174
mp-1186966,Sc2ZnIn,0.0092731224999997,0.005-0.02,225,4,3,3960
mp-1227390,BaTlIn3,0.0122789024999998,0.005-0.02,119,5,4,124
mp-1186693,Pr2MgCd,0.011305225,0.005-0.02,225,4,3,3960
mp-979751,TaTiFe2,0.0184739903846153,0.005-0.02,225,4,3,3960
mp-1056985,TiPd,0.0142706487500001,0.005-0.02,123,2,2,626
mp-1080816,Cr3PN,0.012799570000002,0.005-0.02,63,10,4,880
mp-1216775,V10(SiGe)3,0.0052045246874996,0.005-0.02,42,16,9,42
mp-1207214,SmSi3Pt,0.0188578055000041,0.005-0.02,107,5,4,158
mp-696752,KP(HO2)2,0.0053452325000016,0.005-0.02,122,16,4,126
mp-984714,AgAsS,0.011902601319444,0.005-0.02,62,12,3,1187
mp-1228089,Ba3SrZn2(WO6)2,0.0083666256875005,0.005-0.02,160,20,12,311
mp-1205716,Pr2MgPd2,0.0079656456666654,0.005-0.02,127,10,3,246
mp-1184284,ErTmCd2,0.0070565225000001,0.005-0.02,225,4,3,3960
mp-1189044,Ti3Ge,0.0195151797222221,0.005-0.02,82,16,4,145
mp-1183459,Ca2ZnCd,0.0117915974999998,0.005-0.02,225,4,3,3960
mp-36031,Ca(LaTe2)2,0.013000886249987,0.005-0.02,122,14,3,126
mp-1221485,Mo2SeS3,0.0074892175000007,0.005-0.02,156,6,6,302
mp-982010,Pr2CdAg,0.0071214100000003,0.005-0.02,225,4,3,3960
mp-644225,Sr2MgH6,0.0062075636111114,0.005-0.02,164,9,3,551
mp-1080518,HfSnRh,0.0152583500000051,0.005-0.02,189,9,4,469
mp-697833,SrLaFeRuO6,0.0076025500000129,0.005-0.02,7,20,10,106
mp-9791,Tl3AsS3,0.0096120205357164,0.005-0.02,160,7,3,311
mp-581786,Cu3Sn,0.0181924212500002,0.005-0.02,59,8,3,106
mp-1188539,Sr3Tl5,0.008628224999998,0.005-0.02,63,16,5,880
mp-513,ErGe3,0.0083759983333324,0.005-0.02,63,8,4,880
mp-755362,Sm2Se2O,0.0103872267499998,0.005-0.02,14,20,5,575
mp-1227775,BaSr3Zr4O12,0.0093915461249984,0.005-0.02,6,20,14,163
mp-1113332,Cs2TlCuCl6,0.0112597856666605,0.005-0.02,225,10,4,3960
mp-1025053,ThSiTe,0.0154091450000013,0.005-0.02,139,6,3,1233
mp-556004,Ba3In2Br2O5,0.0081142636458375,0.005-0.02,139,12,6,1233
mp-978795,Sm3Hg,0.0069411118749997,0.005-0.02,139,4,3,1233
mp-972971,LaTlHg2,0.0054820150000005,0.005-0.02,225,4,3,3960
mp-1225323,Dy2InAg,0.0083136875000002,0.005-0.02,123,4,3,626
mp-1216397,VCrAs2,0.0176291937500003,0.005-0.02,26,8,4,68
mp-777422,DyHO2,0.0079306553125002,0.005-0.02,31,8,4,112
mp-23079,SiCl2O,0.0154539346875015,0.005-0.02,2,16,8,676
mp-1185380,LiMg,0.0077045449999999,0.005-0.02,74,4,2,299
mp-760476,LiU3O8,0.0062769183333326,0.005-0.02,38,12,8,383
mp-568354,DyGa2Cu3,0.0191135974999969,0.005-0.02,191,6,3,355
mp-562490,SiO2,0.009789426666666,0.005-0.02,15,12,4,533
mp-1187857,YLuHg2,0.0069043024999997,0.005-0.02,225,4,3,3960
mp-27552,TlPbI3,0.0108927994999983,0.005-0.02,63,10,4,880
mp-975537,NdInRh2,0.0110173872916661,0.005-0.02,225,4,3,3960
mp-759867,VF4,0.0055220180000077,0.005-0.02,15,10,3,533
mp-1183638,CaGdZn2,0.0092908147499972,0.005-0.02,225,4,3,3960
mp-1025044,AlNi2,0.0205835641666682,0.02-0.04,164,6,4,551
mp-1210673,Mn6Mo6P7,0.0219116952631566,0.02-0.04,174,19,7,12
mp-157,P,0.0374005591666666,0.02-0.04,64,4,1,82
mp-1225091,Er(VFe5)2,0.0314296782051304,0.02-0.04,71,13,6,419
mp-1221974,MgMnTe4,0.0264378670833345,0.02-0.04,14,12,4,575
mp-1186235,Nd2AgRu,0.0235192668749997,0.02-0.04,225,4,3,3960
mp-1185962,MgPb5,0.0392686775000004,0.02-0.04,8,6,6,361
mp-777522,LiFeF3,0.0229207009999985,0.02-0.04,36,10,5,174
mp-752938,LiMnF3,0.0341046040000003,0.02-0.04,167,10,3,77
mp-1222864,LaPr3(GaO3)4,0.0341894490758898,0.02-0.04,6,20,14,163
mp-28491,Cu2SO4,0.0236733692857109,0.02-0.04,70,14,3,87
mp-23807,AlHO2,0.0343228637499981,0.02-0.04,31,8,4,112
mp-973053,ScH3,0.0379114737500003,0.02-0.04,225,4,3,3960
mp-779166,LiCo3NiO8,0.0344070910576883,0.02-0.04,166,13,5,1076
mp-22905,LiCl,0.0204748575,0.02-0.04,225,2,2,3960
mp-989609,YWN3,0.0224440334999993,0.02-0.04,63,10,4,880
mp-11892,NaNd2RuO6,0.0375609177500049,0.02-0.04,14,20,6,575
mp-2435,HoCo5,0.0219868824242421,0.02-0.04,191,6,3,355
mp-561954,TmCoO3,0.0226815634642871,0.02-0.04,62,20,4,1187
mp-1101341,SrCaI4,0.0351036466666694,0.02-0.04,65,6,4,265
mp-755517,V6O7F5,0.0293919644444482,0.02-0.04,5,18,11,274
mp-865270,TmTaOs2,0.0216585547916654,0.02-0.04,225,4,3,3960
mp-570756,Cs3Li2Cl5,0.0265627245000006,0.02-0.04,8,10,6,361
mp-1542959,Zn(MoO2)2,0.0317383623214233,0.02-0.04,166,14,5,1076
mp-1118832,Ca2WN2,0.0328433080000012,0.02-0.04,2,10,5,676
mp-759488,W3O7F,0.0364941872027984,0.02-0.04,65,11,6,265
mp-1186135,NaLi2Sn,0.0235043593333337,0.02-0.04,225,4,3,3960
mp-1217761,SrSmCoO4,0.0380247715178283,0.02-0.04,107,7,6,158
mp-12360,AgSbTe2,0.0379584612499992,0.02-0.04,166,4,3,1076
mp-754094,Li3Fe3NiO8,0.0373103960287357,0.02-0.04,12,15,8,1273
mp-1219475,Sb2Te2Se,0.0321226940000007,0.02-0.04,160,5,5,311
mp-39542,KRb2ZrOF5,0.0201271230000008,0.02-0.04,107,10,6,158
mp-1205999,Rb3TmF6,0.039860419,0.02-0.04,139,10,5,1233
mp-1209962,NaVH8(NF3)2,0.0276334548611059,0.02-0.04,225,18,5,3960
mp-755777,Ce2S2O,0.0346798805000041,0.02-0.04,14,20,5,575
mp-1113564,Rb2HgAsBr6,0.0293394440000001,0.02-0.04,225,10,4,3960
mp-753628,LiVF6,0.0221344775000007,0.02-0.04,36,16,6,174
mp-1215843,Yb2Al3Ga,0.0210381649999997,0.02-0.04,166,6,3,1076
mp-1219965,PrMn2SiGe,0.0268299252500012,0.02-0.04,107,5,4,158
mp-1226669,CeCoRh,0.0275666849999911,0.02-0.04,74,6,3,299
mp-2336,PrAl4,0.0368024419999999,0.02-0.04,139,5,3,1233
mp-1219728,PrZnAgP2,0.0309184027291662,0.02-0.04,156,5,5,302
mp-1226898,Ce2Si3Ni,0.0361888604166678,0.02-0.04,187,6,5,312
mp-570377,Sn3As4,0.0326297116071438,0.02-0.04,215,7,2,25
mp-1086668,LaSn2Rh,0.0371651074999999,0.02-0.04,63,8,4,880
mp-1223843,HoBiTe3,0.0243209365000005,0.02-0.04,160,5,5,311
mp-1518616,NaSrHfSbO6,0.0277386009999993,0.02-0.04,216,10,5,538
mp-1147739,Ba(CuO)4,0.0257700255555528,0.02-0.04,125,18,4,18
mp-555332,BaCu(SiO3)2,0.0214685107499974,0.02-0.04,139,20,5,1233
mp-1208510,Sr2YFe3O8,0.0232659946205364,0.02-0.04,123,14,7,626
mp-36223,Ba(PrS2)2,0.0203559435714311,0.02-0.04,122,14,3,126
mp-638253,EuIn4,0.031358409,0.02-0.04,12,10,5,1273
mp-20883,Fe3Sn,0.0358386862500008,0.02-0.04,194,8,2,1129
mp-1189839,Dy5Pt3,0.0247161553124994,0.02-0.04,193,16,3,238
mp-1187098,Sr2ZnPb,0.0206801369999998,0.02-0.04,225,4,3,3960
mp-550807,MnInO3,0.0220876746875005,0.02-0.04,194,10,4,1129
mp-505302,U5Ge4,0.0386776313888876,0.02-0.04,193,18,4,238
mp-1185147,La3Sm,0.0256690024999999,0.02-0.04,139,4,3,1233
mp-30914,UAl4Co,0.0299457830555551,0.02-0.04,189,18,6,469
mp-28765,CBr3F,0.0238774444062497,0.02-0.04,62,20,4,1187
mp-1078182,Nd2Fe2Se2O3,0.0400359030555517,0.04-0.06,139,9,5,1233
mvc-15933,Ca2Bi3O8,0.0578088827884615,0.04-0.06,12,13,6,1273
mp-13063,Tb2O3,0.0559449637500009,0.04-0.06,164,5,3,551
mp-1217978,SrPrScO4,0.0574307260714288,0.04-0.06,107,7,6,158
mp-1079228,Ga4BiAs3,0.0599338440624999,0.04-0.06,215,8,3,25
mp-1206538,BaSr(CuO2)2,0.0447992949999997,0.04-0.06,123,8,4,626
mp-1284156,Sr2HfFeO6,0.0468824579999989,0.04-0.06,12,20,9,1273
mp-1040455,H4PbI3N,0.055171215277777,0.04-0.06,8,9,7,361
mp-1105641,InHO2,0.0490870204166675,0.04-0.06,205,16,3,31
mvc-3998,CaNiO3,0.0557770675000011,0.04-0.06,62,20,4,1187
mp-1104173,Sr2GdCu2RuO8,0.0484253107142587,0.04-0.06,123,14,7,626
mp-752457,Mn3O5F,0.0487539434722226,0.04-0.06,2,18,10,676
mp-1100346,Ca2Sn3S8,0.0411428548076884,0.04-0.06,166,13,4,1076
mp-11654,BAsO4,0.0468375677777714,0.04-0.06,152,18,4,23
mp-1105241,Mn7CdO12,0.0510543699166632,0.04-0.06,204,20,4,122
mp-1186780,SrYb3,0.0482792533333333,0.04-0.06,194,8,2,1129
mp-15659,Sb2Pt3,0.0485077280000005,0.04-0.06,72,10,3,111
mp-1178393,CsLiO,0.0584064166666662,0.04-0.06,62,12,3,1187
mvc-5997,Mg(CuO2)2,0.0408040421428577,0.04-0.06,88,14,3,63
mp-1226017,CoNiTe2,0.0492923380468743,0.04-0.06,164,4,3,551
mp-753793,Ba2YF7,0.049002846999997,0.04-0.06,15,20,6,533
mp-1113353,Cs2CuSbI6,0.0596369947500003,0.04-0.06,225,10,4,3960
mp-1205948,FeAg3F6,0.0414235435000005,0.04-0.06,139,10,5,1233
mp-1187973,Yb3Mg,0.0430767,0.04-0.06,139,4,3,1233
mp-1227257,CaC2,0.0543275500000008,0.04-0.06,166,3,2,1076
mp-765691,Mn6O5F7,0.0437076906249984,0.04-0.06,38,18,10,383
mp-1094922,CaMg3,0.0561394095153044,0.04-0.06,221,4,2,820
mp-1228749,AsRhO4,0.0479139512499999,0.04-0.06,65,6,4,265
mp-1217394,ThURe4,0.0512156604166662,0.04-0.06,164,12,5,551
mp-677489,CsTiCuOF5,0.0540506121256108,0.04-0.06,74,18,6,299
mp-1105681,In2O3,0.0495181169999998,0.04-0.06,60,20,3,18
mp-985471,Ce2ZnHg,0.046581653125,0.04-0.06,225,4,3,3960
mp-1094140,MnGe2,0.0474924066666622,0.04-0.06,140,6,2,257
mp-680754,Ca5CuPb3,0.0494948656666656,0.04-0.06,193,18,4,238
mp-1120796,LiTi2BiO6,0.052169259562496,0.04-0.06,146,10,6,73
mp-1208293,Te(RhO3)2,0.0433535701388878,0.04-0.06,136,18,4,167
mp-1103874,MnTl(VS2)4,0.0447747229761983,0.04-0.06,12,14,8,1273
mp-1217525,TbNdFe17,0.0476803585964908,0.04-0.06,160,19,8,311
mp-28779,USbO5,0.0443769798214361,0.04-0.06,15,14,5,533
mp-1225178,Er(Co5Mo)2,0.057909988181815,0.04-0.06,71,13,6,419
mp-756302,Li3Mn(CoO2)4,0.0586885595312498,0.04-0.06,12,16,9,1273
mp-777497,Li2VO2F,0.0474747208333283,0.04-0.06,12,12,7,1273
mp-1222713,LaUS2,0.0453155125000019,0.04-0.06,166,4,3,1076
mp-23022,KClO3,0.0509303468749999,0.04-0.06,11,10,4,277
mp-566257,Li4Mo3O8,0.0545267388888897,0.04-0.06,166,15,6,1076
mp-1079861,TmCoGe2,0.0533233514583342,0.04-0.06,63,8,4,880
mp-1018084,CrAgTe2,0.0434500066666663,0.04-0.06,160,4,4,311
mp-1227350,CaAgGe,0.0482096652777777,0.04-0.06,12,6,3,1273
mp-1228494,Ba2PrPbO6,0.0556740474375088,0.04-0.06,12,10,5,1273
mp-1519753,Sr2HfZrO6,0.04406771825,0.04-0.06,225,10,4,3960
mp-1211236,La(Mg2Al)4,0.0459622293399371,0.04-0.06,139,13,4,1233
mp-1112924,Cs2InAuBr6,0.0408434422500008,0.04-0.06,225,10,4,3960
mp-752669,CeHfO4,0.0557230504166668,0.04-0.06,15,12,4,533
mp-1176629,LiMnF4,0.0513631449999998,0.04-0.06,12,12,6,1273
mp-1184785,InGa3,0.040615946875,0.04-0.06,221,4,2,820
mp-1519208,KSrNdWO6,0.04896892541666,0.04-0.06,216,10,5,538
mp-1105734,Ho2Co7,0.0459152880303035,0.04-0.06,166,18,7,1076
mp-1215536,Zr2SiMo3,0.0580419191666656,0.04-0.06,194,12,3,1129
mp-1174003,Li5Co3O8,0.0412652668749995,0.04-0.06,12,16,8,1273
mp-1225840,CuAgSe,0.0500758792592583,0.04-0.06,129,6,3,472
mp-1114495,Rb3EuCl6,0.0657542690000001,0.06-0.0801,225,10,4,3960
mp-757176,BaYF5,0.0628333935714229,0.06-0.0801,15,14,5,533
mp-1416,NbF4,0.067948727866665,0.06-0.0801,139,5,3,1233
mp-1079836,GaSi3C3N,0.0676520482500011,0.06-0.0801,6,8,8,163
mp-1188785,Hf9Ni11,0.0669678631000003,0.06-0.0801,87,20,6,101
mp-775122,LiLaNb4O12,0.0685537099999944,0.06-0.0801,123,18,6,626
mp-756939,Li4Mn3TeO12,0.0714467704375039,0.06-0.0801,3,20,14,42
mp-1103601,Fe2Si2BiO9,0.0784337935714241,0.06-0.0801,8,14,9,361
mp-1213756,Cr7Te8,0.0737428106666655,0.06-0.0801,12,15,7,1273
mp-1183748,Ce3Cd,0.0707303156250001,0.06-0.0801,139,4,3,1233
mp-625700,MoH4O5,0.0798659781249977,0.06-0.0801,7,20,10,106
mp-1063224,HoHg2,0.0695414575000001,0.06-0.0801,139,3,2,1233
mp-1222282,LiNdSe2,0.0644541198437496,0.06-0.0801,123,4,4,626
mp-1216601,V3(PS3)4,0.0697873784703926,0.06-0.0801,5,19,11,274
mp-11546,TiPd,0.0728827787500003,0.06-0.0801,221,2,2,820
mp-754960,SmIO,0.0771302633333332,0.06-0.0801,166,6,3,1076
mp-760546,LiCu2(CO3)2,0.0658241184090906,0.06-0.0801,1,11,11,470
mp-1113623,Cs2GaAgCl6,0.0681970357500016,0.06-0.0801,225,10,4,3960
mp-1094674,Mg2Ga,0.0686996594444444,0.06-0.0801,12,6,3,1273
mp-752918,NaTi6O12,0.0719753625000088,0.06-0.0801,1,19,19,470
mp-1103952,NdAl4,0.0681018853333332,0.06-0.0801,44,15,10,187
mp-1283489,V3(O2F)2,0.0796074138888904,0.06-0.0801,1,18,18,470
mp-1217577,TbFe6Co5W,0.0700139464663465,0.06-0.0801,44,13,8,187
mp-550469,TiZn(BiO3)2,0.0721848204999977,0.06-0.0801,99,10,8,88
mp-1216647,Tm4CdSe7,0.0798767520833338,0.06-0.0801,8,12,12,361
mp-1174849,Li6Mn3CoO10,0.0691611978750073,0.06-0.0801,1,20,20,470
mp-1207382,ZrSiAs,0.0612450533333319,0.06-0.0801,62,12,3,1187
mp-972633,SmErRu2,0.0638070592812498,0.06-0.0801,225,4,3,3960
mp-976272,LiCa3,0.077383274375,0.06-0.0801,139,4,3,1233
mp-504862,Ti4Cd(CuO4)3,0.0705817756250004,0.06-0.0801,204,20,4,122
mp-1247459,Sr8Cr3N8,0.0633854149122798,0.06-0.0801,12,19,10,1273
mp-1219521,SbAsIr,0.0682685954166659,0.06-0.0801,14,12,3,575
mp-758590,MnV4O12,0.0688113766176474,0.06-0.0801,1,17,17,470
mp-1215301,ZrTi(CrFe)2,0.0735938125000004,0.06-0.0801,8,12,10,361
mp-1094619,Mg2Ga,0.0728967494444443,0.06-0.0801,12,6,3,1273
mp-1224967,FeIr,0.0635223749999998,0.06-0.0801,166,2,2,1076
mp-1078081,K2CuF4,0.0600981349999996,0.06-0.0801,65,7,5,265
mp-1147587,Ce2Cu(NO)2,0.070589917566135,0.06-0.0801,139,7,4,1233
mp-505781,MnGePd2,0.0793762638505732,0.06-0.0801,225,4,3,3960
mp-1018053,InCu,0.0652829771428575,0.06-0.0801,194,4,2,1129
mp-1246974,MgScVS4,0.0756956276785683,0.06-0.0801,74,14,5,299
mp-1173895,Li2MnCoO4,0.0688746390625043,0.06-0.0801,2,16,8,676
mp-1215601,Zr2Cr3Si,0.0798020916666661,0.06-0.0801,194,12,3,1129
mp-1521619,CaEuNbFeO6,0.0766793185416716,0.06-0.0801,216,10,5,538
mp-5090,Ti2FeSe4,0.060458437142854,0.06-0.0801,12,7,4,1273
mp-1219502,SbPbBrO2,0.0658700619999992,0.06-0.0801,107,5,4,158
mp-1216638,TmAlNi4,0.0684165150000009,0.06-0.0801,187,6,4,312
mp-1039434,Mg5Cd,0.0710042556164385,0.06-0.0801,187,6,4,312
mp-1030723,Te2Mo3W(SeS2)2,0.0756229362500002,0.06-0.0801,156,12,12,302
mp-1111258,K2LiBiI6,0.0783043994999999,0.06-0.0801,225,10,4,3960
mp-1304693,Co2NiO4,0.0627370533673401,0.06-0.0801,15,14,5,533
mp-755685,SmYO3,0.0638265499999999,0.06-0.0801,33,20,5,47
mp-1106195,PW3,0.0617708950000004,0.06-0.0801,82,16,4,145
mp-755570,Li(NiS)2,0.0721933431666652,0.06-0.0801,164,5,3,551
mp-1228956,AlAu4,0.0717559805000003,0.06-0.0801,12,5,3,1273
mp-556777,Li2CO3,0.0668995308333331,0.06-0.0801,193,12,3,238
mp-1185798,Mg2In,0.0667418383333329,0.06-0.0801,63,6,3,880
mp-1517190,Eu2YSbO6,0.0793521412381021,0.06-0.0801,225,10,4,3960
mp-1226557,CePr4O10,0.0770652444999981,0.06-0.0801,87,15,4,101
mvc-13928,CaBiF5,0.0667470864285668,0.06-0.0801,15,14,5,533
